index,Capital City,Temperature,Date,Source
0,Vienna,36.3 °C (97.3 °F),5 August,[226]
1,Zagreb,39.1 °C (102.4 °F),23 July,[227]
2,Copenhagen,31.9 °C (89.4 °F),4 August,[228]
3,Tallinn,32.9 °C (91.2 °F),19 August,[229]
4,Helsinki,29.5 °C (85.1 °F),27 June,[230]
5,Paris,40.3 °C (104.5 °F),19 July,[231]
6,Berlin,37.6 °C (99.7 °F),20 July,[232]
7,Dublin,33.0 °C (91.4 °F),18 July,[233]
8,Rome,41.2 °C (106.2 °F),28 June,[234]
9,Luxembourg City,36.3 °C (97.3 °F),19 July,[235]
10,Amsterdam,35.5 °C (95.9 °F),19 July,[236]
11,Oslo,28.5 °C (83.3 °F),14 August,[237]
12,Lisbon,39.8 °C (103.6 °F),13 July,[238]
13,Belgrade,39.0 °C (102.2 °F),23 July,[239]
14,Madrid,40.7 °C (105.3 °F),14 July,[240]
15,Stockholm,34.5 °C (94.1 °F),21 July,[241]
16,Bern,35.2 °C (95.4 °F),19 July and 4 August,[242]
17,London,40.2 °C (104.4 °F),19 July,[243]
