,Timeline of the 2015 North Indian Ocean cyclone season,Timeline of the 2015 North Indian Ocean cyclone season.1
0,Season summary map,Season summary map
1,Season boundaries,Season boundaries
2,First system formed,"June 7, 2015"
3,Last system dissipated,"November 10, 2015"
4,Strongest system,Strongest system
5,Name,Chapala
6,Maximum winds,215 km/h (130 mph) (3-minute sustained)
7,Lowest pressure,940 hPa (mbar)
8,Longest lasting system,Longest lasting system
9,Name,Chapala
10,Duration,8 days
11,Storm articles  Cyclone Komen Cyclone Chapala Cyclone Megh,Storm articles  Cyclone Komen Cyclone Chapala Cyclone Megh
12,Storm articles,Storm articles
13,Cyclone Komen Cyclone Chapala Cyclone Megh,Cyclone Komen Cyclone Chapala Cyclone Megh
14,"Other years 2013, 2014, 2015, 2016, 2017","Other years 2013, 2014, 2015, 2016, 2017"
